{
    "the garden of eden": 0.9336502552032471,
    "symbiotic networks": 0.9483441710472107,
    "cellular automata emergent patterns": 0.9403507113456726,
    "distributed cognition emergent language": 0.9461622834205627,
    "resonant feedback loops": 0.945317804813385,
    "fractalselforganization": 0.9510970115661621,
    "neurogenesis emergent consciousness": 0.9427611827850342,
    "bioacoustic resonance": 0.9356427788734436
}