{
    "a dying star": 0.9652943015098572,
    "NEXT TARGET PROMPT planetary nebula": 0.9442400932312012,
    "NEXT TARGET PROMPT stellar nurseries": 0.947899580001831,
    "NEXT TARGET PROMPT protogalaxies": 0.9459445476531982,
    "NEXT TARGET PROMPT quantum entanglement": 0.9467150568962097,
    "NEXT TARGET PROMPT fractal networks": 0.94439297914505,
    "NEXT TARGET PROMPT symbiotic clusters": 0.9460416436195374,
    "NEXT TARGET PROMPT biological resonance": 0.9494947195053101
}