{
    "the big bang": 0.9577564597129822,
    "simulatecellularautomata": 0.9523535966873169,
    "simulatecellularautomatamorphogenesis": 0.9563513994216919
}