{
    "a fungus": 0.9488484263420105,
    "Symbiotic bioluminescent coral": 0.9527087807655334,
    "Symbiotic bioluminescent fungi networks": 0.9569905996322632,
    "Symbiotic bioluminescent fungal colonies incorporating mineral processing": 0.9547389149665833,
    "Mineralbased crystalline fungal networks": 0.9561430811882019,
    "Mineralbased bioluminescent crystalline geodes": 0.9526040554046631,
    "Mineralized symbiotic bioluminescent fungal networks": 0.9503414034843445,
    "Mineralized mobile bioluminescent colonies": 0.9446060061454773
}