{
    "an egg hatching": 0.9584751129150391,
    "NEXT TARGET PROMPT cellular division asymmetrical": 0.9453928470611572,
    "NEXT TARGET PROMPT NEXT TARGET PROMPT motility asymmetric": 0.9422498941421509,
    "NEXT TARGET PROMPT NEXT TARGET PROMPT symbiotic exchange": 0.9436179399490356,
    "NEXT TARGET PROMPT neural network formation": 0.9483957290649414,
    "NEXT TARGET PROMPT cellular differentiation": 0.9474109411239624,
    "NEXT TARGET PROMPT morphogenesis asymmetric": 0.9487568140029907,
    "NEXT TARGET PROMPT internal communication": 0.9516823291778564
}