{
    "an extraterrestrial life": 0.9627323746681213,
    "Extraterrestrial crystalline lifeforms bioluminescent siliconbased networked intelligence": 0.9344825148582458,
    "Bioresonant crystalline swarms distributed intelligence fractal growth": 0.9374650120735168,
    "Symbiotic crystalline resonance emergent bioluminescence": 0.9473345875740051,
    "Biocrystalline harmonic resonance": 0.9440838098526001,
    "Symbiotic crystalline networks": 0.9436832666397095,
    "Bioluminescent fractal mycelia": 0.9341266751289368,
    "Symbiotic bioluminescent crystalline mycelia": 0.936069667339325
}