{
    "a pepperoni pizza": 0.9533372521400452,
    "Fluorescent fungal colonies": 0.9471622705459595,
    "Fluorescent bioluminescent mycelial networks": 0.9422009587287903,
    "Fluorescent symbiotic fungal blooms": 0.9386670589447021,
    "Symbiotic bioluminescent coral reefs": 0.9384706020355225,
    "Symbiotic pulsating fungal networks": 0.9379634857177734,
    "Symbiotic bioluminescent fungal colonies": 0.9397786855697632,
    "Symbiotic bioluminescent mycelial networks": 0.9365801811218262
}