{
    "a rainbow": 0.9622251987457275,
    "cellular automata": 0.9564056992530823,
    "cellular automata feedback": 0.9593239426612854,
    "cellular automata feedback gradients": 0.9616850018501282,
    "cellular automata feedback gradients selforganization": 0.9629813432693481
}