{
    "a microbe": 0.9452986717224121,
    "clusters": 0.9506094455718994,
    "microbe motility": 0.9470459222793579,
    "clusters nutrient acquisition spatial organization": 0.9496057033538818,
    "symbiotic relationships nutrient exchange motility patterns spatial density": 0.9494911432266235,
    "cellular communication resource competition emergent morphology": 0.9485887289047241,
    "selfassembly": 0.9498469829559326,
    "cellular differentiation morphogenesis": 0.9485557675361633
}