{
    "a prokaryote": 0.9610968232154846,
    "cellular slime": 0.9492152333259583,
    "a multicellular slime mold": 0.9554784893989563,
    "a colonial organism": 0.9512338638305664,
    "a simple fungal network": 0.9575504064559937,
    "a simple slime aggregate": 0.9474957585334778,
    "a simple interconnected network": 0.9619104266166687,
    "a simple multicellular organism": 0.9624477624893188
}