{
    "a slime mould": 0.945537805557251,
    "biofilms": 0.9437262415885925,
    "Symbiotic crystalline biofilms": 0.9484313726425171,
    "Symbiotic crystalline fungal networks": 0.9369813203811646,
    "Bioluminescent mineralized mycelial clusters": 0.9364030361175537,
    "Mineralized bioluminescent subterranean fungal networks": 0.9397215843200684,
    "Mineralized sentient crystalline fungal colonies": 0.9401723146438599,
    "Sentient mineralbased bioluminescent symbiotic clusters": 0.9475990533828735
}