{
    "a dying star": 0.9648840427398682,
    "Evolving stellar nebulae": 0.9492627382278442,
    "Evolving stellar nurseries": 0.9535700678825378,
    "Symbiotic nebulae": 0.9564024209976196,
    "Symbiotic crystalline structures": 0.9626076817512512,
    "Bioluminescent fractal mycelial networks": 0.9626097679138184,
    "Bioluminescent crystalline fungal colonies": 0.948582649230957,
    "Bioluminescent mobile crystalline structures in a viscous nutrientrich fluid": 0.9494039416313171
}