{
    "a monkey": 0.9624297618865967,
    "a jellyfish": 0.9498533010482788,
    "fungus": 0.94637131690979,
    "coral polyp": 0.9505969882011414,
    "spore bloom": 0.9542922377586365,
    "vascular plant": 0.9549984335899353,
    "symbiotic algae": 0.9566818475723267,
    "mycelial network": 0.9573729634284973
}