{
    "a microbe": 0.9452986717224121,
    "Symbiotic crystalline colonies": 0.9593141674995422,
    "Bioluminescent fractal colonies": 0.9544639587402344,
    "Symbiotic bioluminescent modular fungal networks": 0.9560646414756775,
    "Symbiotic bioluminescent crystalline fungal colonies": 0.9584814310073853,
    "Symbiotic crystalline fungal networks mineralbased structures": 0.9566677808761597,
    "Mineralbased bioluminescent symbiotic clusters": 0.9598615169525146,
    "Mineralbased selfassembling crystalline bioluminescent networks": 0.9577827453613281
}