{
    "an extraterrestrial life": 0.9631395936012268,
    "symbiotic bioluminescence": 0.9613149166107178,
    "symbiotic bioluminescence neural networks": 0.9624298214912415,
    "extraterrestrial neural symbiosis": 0.9645195007324219,
    "extraterrestrial neural symbiosis distributed cognition": 0.9646732807159424,
    "extraterrestrial neural symbiosis distributed memory": 0.9646260738372803,
    "extraterrestrial neural symbiosis emergent behavior": 0.9634550213813782,
    "extraterrestrial neural symbiosis quantum entanglement": 0.9632381796836853
}