{
    "a fungus": 0.9379151463508606,
    "cellular automata": 0.9507311582565308,
    "cellular automata symbiosis": 0.9518625736236572,
    "cellular automata symbiotic networks": 0.9523594379425049,
    "cellular automata emergent morphology distributed computation": 0.9583647847175598,
    "cellular automata distributed sensing": 0.9562963247299194,
    "cellular automata selfassembly": 0.955681562423706
}