{
    "primordial soup": 0.9455758333206177,
    "Symbiotic crystalline networks": 0.9576481580734253,
    "Bioluminescent fractal fungal networks": 0.9447881579399109,
    "Bioluminescent symbiotic mycelial clusters": 0.9484075307846069,
    "Symbiotic bioluminescent fungal networks subterranean architecture": 0.9528173804283142,
    "Subterranean bioluminescent mineral processing colonies": 0.9513246417045593,
    "Subterranean fungal networks mineralbased symbiosis": 0.9564541578292847,
    "Mineralbased bioluminescent mycelial networks": 0.9471510648727417
}