{
    "a flower": 0.9628803133964539,
    "a seed": 0.9493622779846191,
    "a spore": 0.9463359117507935,
    "a colony": 0.951915442943573,
    "fragment": 0.9588460326194763
}