{
    "a caterpillar": 0.9637375473976135,
    "segmented worm": 0.9428882002830505,
    "fungus": 0.9460238814353943,
    "protocoral": 0.9492483139038086,
    "simple algae": 0.9526011347770691,
    "simple sponge": 0.949837863445282,
    "simple jellyfish": 0.9513176083564758,
    "simple worm": 0.9496310353279114
}