{
    "primordial soup": 0.9406955242156982,
    "cellular automata emergent patterns": 0.9519546627998352,
    "NEXT TARGET PROMPT cellular automata nutrient gradients": 0.9467137455940247,
    "cellular automata selfassembly": 0.9542105793952942,
    "cellular automata metabolic networks": 0.9464365243911743,
    "cellular automata spatial memory": 0.9379085302352905,
    "cellular automata epigenetic inheritance": 0.9344220161437988,
    "cellular automata collective intelligence": 0.9525765776634216
}