{
    "an egg hatching": 0.9584751129150391,
    "Symbiotic spore bloom": 0.957146942615509,
    "Symbiotic fungal networks": 0.9543165564537048,
    "Bioluminescent mineralbased mycelial networks": 0.9483721852302551,
    "Mineralbased bioluminescent symbiotic fungal colonies": 0.9440406560897827,
    "Mineralbased crystalline bioluminescent subterranean mycelial networks": 0.9533926248550415,
    "Mineralized crystalline spore dispersal": 0.9561147689819336,
    "Crystalline symbiotic mineral growth": 0.9563574194908142
}