{
    "a slime mould": 0.9549652338027954,
    "cellular automata": 0.9518111944198608,
    "cellular automata bioluminescence": 0.9493800401687622,
    "cellular automata emergent structures": 0.952812671661377,
    "cellular automata networks": 0.9480165243148804,
    "cellular automata morphogenesis": 0.9485543966293335,
    "cellular automata bioluminescence networks": 0.9515718221664429,
    "cellular automata symbiotic networks": 0.9526103138923645
}