{
    "a pepperoni pizza": 0.9533372521400452,
    "pulsating bioluminescence": 0.9525372982025146,
    "fragmented bioluminescence": 0.9544709920883179,
    "selfassembling fractal patterns": 0.9440868496894836,
    "cellular automata emergent color": 0.9322712421417236,
    "emergent fluid dynamics": 0.9350156188011169,
    "selforganized resonant structures": 0.9348913431167603,
    "selfaware feedback loops": 0.9349073171615601
}