{
    "a monkey": 0.9624297618865967,
    "Floating bioluminescent jellyfish": 0.944684624671936,
    "Bioluminescent symbiotic spore clusters": 0.9488429427146912,
    "Symbiotic fungal networks bioluminescent communication": 0.9446030259132385,
    "Symbiotic bioluminescent mineral formations": 0.94618159532547,
    "Biomineral fungal networks": 0.9484395384788513,
    "Biomineralized selfassembling crystalline fungal colonies": 0.9441409111022949,
    "Biomineralized mobile crystalline networks": 0.9466406106948853
}